Name,TOF,RX,FP,dist
11a1,36185.5272836741,-88.6,-96.3,169.72303641225056
12a2,36219.86070083894,-88.86,-93.2,169.8840723912469
13a3,36191.23305824557,-85.42,-92.43,169.74979853119834
14a4,36224.95346165422,-82.88,-92.68,169.90795925691327
15a5,36202.381577861765,-87.3,-93.5,169.80208906674667
