Name,RX,FP,TOF,dist
11a1,-91.65,-100.21,45281.0142589132,212.38411621312824
12a2,-94.53,-97.8,45400.42433140967,212.94419206675414
13a3,-96.2,-104.29,45309.222815984554,212.51642441252037
14a4,-92.29,-102.08,45296.447532294034,212.45650377292364
15a5,-95.76,-111.19,45304.98814959314,212.49656231592832
