Name,RX,FP,TOF,dist
11a1,-88.27,-91.86,41569.2646262091,194.97468583158394
12a2,-88.91499999999999,-93.505,41635.01766641163,195.2830910552808
13a3,-86.89,-92.73,41615.54465110201,195.19175566418534
14a4,-89.13,-93.55,41606.70421433675,195.15029086088845
15a5,-91.21,-99.655,41595.26286490874,195.09662684902116
