Name,RX,FP,TOF,dist
11a1,-81.22,-91.755,33102.90709838092,155.2644476551454
12a2,-82.46,-91.81,33124.46648725936,155.36556888283832
13a3,-81.74,-91.6,33102.79948366774,155.26394290373634
14a4,-80.88,-92.01,33108.73964137265,155.29180436322378
15a5,-81.58500000000001,-91.72,33085.905392341156,155.1847035864564
