Name,RX,FP,TOF,dist
11a1,-88.68,-95.05,43568.00776395613,204.3495044348112
12a2,-91.68,-97.59,43621.042122180304,204.59825450114067
13a3,-92.24,-103.14,43590.42108373737,204.45463090317872
14a4,-90.685,-99.16,43576.14242480895,204.38765889720997
15a5,-95.1,-99.56,43617.1208806455,204.5798624789774
