Name,RX,FP,TOF,dist
11a1,-84.485,-91.68,38225.029607678975,179.28903014467085
12a2,-86.76,-92.03,38272.64809738776,179.51237785491372
13a3,-83.53,-91.67,38259.43594694625,179.45040815435112
14a4,-84.91,-91.84,38239.940547557235,179.35896777393515
15a5,-86.82,-99.97,38226.09448441829,179.29402479659848
