Name,RX,FP,TOF,dist
11a1,-84.27000000000001,-94.64500000000001,33778.41078974625,158.43280103320805
12a2,-83.51,-91.755,33814.80472836911,158.6035015931764
13a3,-83.06,-91.815,33791.885849621045,158.4960038728367
14a4,-82.435,-91.82499999999999,33834.84786171492,158.69751104131845
15a5,-82.81,-91.83,33807.68718615411,158.57011778016596
